City_ID,City,Country,Temperature,Humidity,Cloudiness,Windspeed,Latitude,Longitude,Date
0,tuktoyaktuk,CA,-24.5,100,91,5.01,69.4541,-133.0374,1647859737
1,qaanaaq,GL,-6.3,93,100,10.83,77.484,-69.3632,1647859737
2,albany,US,36.68,80,46,1.01,42.6001,-73.9662,1647859572
3,nouadhibou,MR,66.18,59,0,24.16,20.931,-17.0347,1647859739
4,port elizabeth,ZA,87.1,59,20,6.91,-33.918,25.5701,1647859740
5,barrow,US,-25.58,68,0,17.27,71.2906,-156.7887,1647859740
6,rikitea,PF,79.88,67,5,14.2,-23.1203,-134.9692,1647859742
7,wattegama,LK,90.64,51,31,8.41,6.7989,81.4808,1647859743
8,yarada,IN,89.92,62,40,6.91,17.65,83.2667,1647859744
9,ushuaia,AR,46.06,61,40,3.44,-54.8,-68.3,1647859473
10,punta arenas,CL,42.91,87,0,8.05,-53.15,-70.9167,1647859745
11,san patricio,US,72.9,92,100,16.8,28.017,-97.5169,1647859746
12,mahebourg,MU,87.26,83,40,6.91,-20.4081,57.7,1647859747
13,tommot,RU,22.62,96,100,5.46,58.9564,126.2925,1647859747
14,bluff,NZ,57.45,89,23,12.84,-46.6,168.3333,1647859748
15,mataura,NZ,56.8,85,65,6.96,-46.1927,168.8643,1647859749
16,saint-augustin,CA,25.92,96,100,18.92,51.226,-58.6502,1647859750
17,jamestown,US,37.71,66,0,3.44,42.097,-79.2353,1647859751
18,kumluca,TR,52.05,40,20,7.7,36.3703,30.2869,1647859751
19,zhezkazgan,KZ,28.38,54,0,20.13,47.8043,67.7144,1647859752
20,tigil,RU,31.1,82,100,9.13,57.8,158.6667,1647859753
21,lincoln,US,63.12,39,0,17.27,40.8,-96.667,1647859500
22,longhua,CN,78.24,75,71,3.02,23.6137,114.1919,1647859754
23,mahenge,TZ,73.29,82,95,1.52,-8.6833,36.7167,1647859755
24,ca mau,VN,84.54,65,99,3.85,9.1769,105.15,1647859757
25,turan,VN,80.58,78,75,2.3,16.0678,108.2208,1647859529
26,soloneshnoye,RU,30.09,73,49,4.94,51.6544,84.3197,1647859758
27,georgetown,MY,87.75,62,20,5.01,5.4112,100.3354,1647859759
28,longyearbyen,SJ,26.44,86,75,14.97,78.2186,15.6401,1647859759
29,puerto ayora,EC,74.55,100,28,3.96,-0.7393,-90.3518,1647859760
30,butaritari,KI,81.36,78,68,18.01,3.0707,172.7902,1647859761
31,moose factory,CA,15.8,79,100,8.05,51.2585,-80.6094,1647859762
32,nea ankhialos,GR,45.9,46,75,8.05,39.2833,22.8167,1647859763
33,busselton,AU,65.08,72,0,21.56,-33.65,115.3333,1647859764
34,palmer,US,41.63,64,0,6.91,42.1584,-72.3287,1647859764
35,yellowknife,CA,28.42,94,100,4.61,62.456,-114.3525,1647859766
36,talaya,RU,11.44,96,100,5.03,61.3833,152.75,1647859767
37,hilo,US,72.63,83,100,5.99,19.7297,-155.09,1647859768
38,dunhua,CN,24.85,88,64,6.55,43.3725,128.2425,1647859769
39,bilma,NE,92.61,5,56,3.15,18.6853,12.9164,1647859770
40,hofn,IS,37.42,87,75,6.91,64.2539,-15.2082,1647859770
41,toowoomba,AU,63.34,83,0,6.26,-27.55,151.9667,1647859771
42,provideniya,RU,4.26,88,28,2.95,64.3833,-173.3,1647859772
43,feijo,BR,71.04,100,99,1.97,-8.1642,-70.3536,1647859773
44,sinnamary,GF,77.2,85,100,12.46,5.3833,-52.95,1647859773
45,matli,PK,97.47,7,0,14.54,25.0431,68.6557,1647859774
46,murdochville,CA,22.08,95,99,7.18,48.9583,-65.5006,1647859775
47,santa cruz,BO,68.05,94,40,4.61,-17.8,-63.1667,1647859495
48,luderitz,NA,81.9,54,1,12.46,-26.6481,15.1594,1647859776
49,riwaka,NZ,64.0,97,100,3.65,-41.0833,173.0,1647859777
50,maceio,BR,78.24,94,40,4.61,-9.6658,-35.7353,1647859778
51,sobolevo,RU,36.32,99,62,7.45,54.4299,31.8996,1647859779
52,mar del plata,AR,65.08,76,100,28.99,-38.0023,-57.5575,1647859780
53,victoria,HK,79.18,89,65,11.99,22.2855,114.1577,1647859777
54,amapa,BR,72.34,99,100,2.21,1.0,-52.0,1647859782
55,lagoa,PT,54.32,62,100,27.49,39.05,-27.9833,1647859783
56,lumby,CA,39.79,90,100,8.05,50.2498,-118.969,1647859784
57,pakxan,LA,79.68,74,56,4.45,18.3778,103.6601,1647859784
58,ilulissat,GL,-5.78,49,0,8.05,69.2167,-51.1,1647859785
59,praya,CV,72.14,60,40,17.27,14.9215,-23.5087,1647859721
60,chelno-vershiny,RU,31.1,82,81,15.32,54.4333,51.1,1647859786
61,avarua,CK,80.65,83,20,6.91,-21.2078,-159.775,1647859787
62,bredasdorp,ZA,78.58,57,14,14.72,-34.5322,20.0403,1647859754
63,ust-kuyga,RU,-13.45,97,5,1.61,70.0167,135.6,1647859789
64,nago,JP,72.45,81,92,13.44,26.5881,127.9761,1647859789
65,kavieng,PG,83.25,74,99,8.03,-2.5744,150.7967,1647859790
66,yulara,AU,91.24,16,1,9.22,-25.2406,130.9889,1647859791
67,puerto cabezas,NI,74.44,88,85,9.89,14.0351,-83.3888,1647859792
68,cape town,ZA,85.12,49,0,11.5,-33.9258,18.4232,1647859792
69,mayo,US,47.1,66,0,5.75,38.8876,-76.5119,1647859793
70,norman wells,CA,-3.96,77,100,16.11,65.282,-126.8329,1647859794
71,aklavik,CA,-10.68,96,100,5.32,68.2191,-135.0107,1647859795
72,port alfred,ZA,80.04,65,1,14.67,-33.5906,26.891,1647859796
73,faanui,PF,81.16,74,30,17.49,-16.4833,-151.75,1647859797
74,hithadhoo,MV,83.44,73,52,16.64,-0.6,73.0833,1647859798
75,tutoia,BR,78.53,87,97,7.36,-2.7619,-42.2744,1647859799
76,bayir,TR,50.52,34,2,5.48,37.2687,28.2167,1647859800
77,mana,GF,78.12,82,90,9.78,5.6592,-53.7767,1647859801
78,hays,US,60.82,79,100,1.99,30.0502,-98.0336,1647859771
79,sao jose da coroa grande,BR,81.0,79,94,7.36,-8.8978,-35.1478,1647859804
80,cabo san lucas,MX,65.61,61,95,14.38,22.8909,-109.9124,1647859804
81,nicoya,CR,75.09,74,93,11.07,10.1483,-85.452,1647859805
82,charters towers,AU,74.53,70,38,8.9,-20.1,146.2667,1647859806
83,axim,GH,85.86,67,76,7.18,4.8699,-2.2405,1647859807
84,airai,TL,61.77,94,100,1.25,-8.9266,125.4092,1647859808
85,opuwo,NA,86.86,39,51,9.42,-18.0607,13.84,1647859808
86,tiksi,RU,-12.82,96,27,1.97,71.6872,128.8694,1647859809
87,chuy,UY,65.41,52,81,12.01,-33.6971,-53.4616,1647859810
88,east london,ZA,79.74,69,0,13.8,-33.0153,27.9116,1647859811
89,phan thiet,VN,80.78,79,96,8.79,10.9333,108.1,1647859643
90,tiarei,PF,78.82,76,15,18.97,-17.5333,-149.3333,1647859812
91,kahului,US,73.85,84,100,4.61,20.8947,-156.47,1647859813
92,lamballe,FR,61.0,73,21,1.99,48.4676,-2.5144,1647859814
93,banda aceh,ID,83.73,76,93,12.82,5.5577,95.3222,1647859815
94,baykit,RU,23.07,92,100,7.87,61.67,96.37,1647859815
95,atuona,PF,78.31,81,66,16.49,-9.8,-139.0333,1647859816
96,bambous virieux,MU,87.22,83,40,6.91,-20.3428,57.7575,1647859817
97,pushkino,RU,50.29,72,16,10.98,56.0172,37.8667,1647859818
98,dunedin,NZ,58.8,93,100,7.0,-45.8742,170.5036,1647859819
99,praia da vitoria,PT,53.76,87,40,18.05,38.7333,-27.0667,1647859820
100,moche,PE,64.58,94,100,4.61,-8.1711,-79.0092,1647859821
101,geraldton,AU,73.81,73,0,20.71,-28.7667,114.6,1647859821
102,castro,BR,58.93,88,99,8.48,-24.7911,-50.0119,1647859822
103,beringovskiy,RU,22.12,96,100,8.79,63.05,179.3167,1647859823
104,namibe,AO,83.21,57,69,7.34,-15.1961,12.1522,1647859825
105,prince rupert,CA,44.29,93,100,25.32,54.3161,-130.3201,1647859826
106,barber,CW,76.98,78,20,13.8,12.2833,-69.0667,1647859826
107,hermanus,ZA,87.8,62,2,14.03,-34.4187,19.2345,1647859827
108,pangnirtung,CA,-14.98,68,70,5.48,66.1451,-65.7125,1647859829
109,eydhafushi,MV,83.53,66,1,13.85,5.1033,73.0708,1647859829
110,vaini,TO,78.96,89,100,5.75,-21.2,-175.2,1647859830
111,lebu,CL,54.84,91,52,0.89,-37.6167,-73.65,1647859831
112,poronaysk,RU,17.11,84,71,10.13,49.2167,143.1167,1647859832
113,juneau,US,35.22,94,100,0.0,58.3019,-134.4197,1647859832
114,comodoro rivadavia,AR,58.86,63,0,5.75,-45.8667,-67.5,1647859599
115,bogomila,MK,44.78,37,16,10.2,41.5931,21.4717,1647859834
116,myaundzha,RU,10.36,83,100,8.28,63.0494,147.1858,1647859835
117,masaka,UG,83.57,41,87,13.27,-0.3338,31.7341,1647859835
118,balakhta,RU,26.1,81,70,6.08,55.38,91.6,1647859836
119,buraydah,SA,77.45,20,0,6.82,26.326,43.975,1647859837
120,norsup,VU,79.74,83,100,3.58,-16.0667,167.3833,1647859838
121,port-gentil,GA,85.96,74,40,9.22,-0.7193,8.7815,1647859839
122,hasaki,JP,45.28,55,47,11.03,35.7333,140.8333,1647859840
123,ugoofaaru,MV,83.61,65,3,13.85,5.6667,73.0,1647859841
124,atlantic beach,US,53.62,90,0,0.0,30.3344,-81.3987,1647859842
125,aksarka,RU,12.7,90,70,14.54,66.5606,67.7975,1647859842
126,kapaa,US,71.58,100,40,6.91,22.0752,-159.319,1647859843
127,pevek,RU,-3.8,88,78,3.42,69.7008,170.3133,1647859844
128,kloulklubed,PW,83.28,79,88,16.73,7.0419,134.2556,1647859845
129,kangaatsiaq,GL,-19.12,90,11,9.93,68.3065,-53.4641,1647859845
130,caravelas,BR,81.05,72,9,3.24,-17.7125,-39.2481,1647859846
131,sao filipe,CV,70.23,71,18,10.27,14.8961,-24.4956,1647859847
132,along,IN,72.07,68,85,4.41,28.1667,94.7667,1647859848
133,lorengau,PG,82.15,76,98,0.98,-2.0226,147.2712,1647859849
134,ishigaki,JP,73.53,94,75,10.36,24.3448,124.1572,1647859850
135,mandalgovi,MN,22.75,46,0,4.12,45.7625,106.2708,1647859850
136,faya,SA,73.51,43,4,13.85,18.3851,42.4509,1647859851
137,khatanga,RU,0.41,97,100,6.55,71.9667,102.5,1647859852
138,kalmunai,LK,84.27,72,61,13.11,7.4167,81.8167,1647859853
139,ballina,AU,73.36,76,75,11.5,-28.8667,153.5667,1647859854
140,klaksvik,FO,45.52,88,87,17.49,62.2266,-6.589,1647859855
141,clyde river,CA,-14.57,70,75,14.97,70.4692,-68.5914,1647859856
142,buala,SB,80.04,75,43,3.18,-8.145,159.5921,1647859857
143,saint anthony,US,50.54,55,0,12.66,45.0205,-93.218,1647859832
144,ajaigarh,IN,101.64,7,5,13.31,24.9,80.2667,1647859858
145,carberry,CA,35.83,92,100,9.37,49.8689,-99.3602,1647859859
146,muros,ES,64.69,72,77,4.68,42.7762,-9.0603,1647859859
147,new norfolk,AU,64.9,58,100,1.83,-42.7826,147.0587,1647859860
148,cherskiy,RU,15.49,71,100,7.78,68.75,161.3,1647859861
149,west bay,KY,80.01,81,0,4.0,19.3667,-81.4167,1647859862
150,tshikapa,CD,90.61,52,99,1.92,-6.4167,20.8,1647859863
151,vostok,RU,19.26,92,95,8.43,46.4856,135.8833,1647859863
152,cabedelo,BR,81.36,77,92,10.56,-6.9811,-34.8339,1647859864
153,penzance,GB,56.08,82,20,24.16,50.1186,-5.5371,1647859865
154,hobart,AU,65.26,83,0,1.99,-42.8794,147.3294,1647859859
155,port blair,IN,80.64,83,100,6.91,11.6667,92.75,1647859866
156,at-bashi,KG,35.65,74,100,2.24,41.1702,75.8106,1647859867
157,vila velha,BR,78.94,84,20,2.3,-20.3297,-40.2925,1647859868
158,xuddur,SO,97.18,20,71,13.71,4.1213,43.8894,1647859869
159,deggendorf,DE,58.78,31,0,5.84,48.8333,12.9667,1647859870
160,pochutla,MX,74.82,65,0,3.04,15.7432,-96.4661,1647859870
161,saskylakh,RU,1.17,100,97,1.86,71.9167,114.0833,1647859871
162,kamen-rybolov,RU,29.93,83,97,8.9,44.7481,132.0403,1647859873
163,ancud,CL,57.22,96,87,6.17,-41.8697,-73.8203,1647859873
164,vila franca do campo,PT,59.41,71,96,17.38,37.7167,-25.4333,1647859874
165,kruisfontein,ZA,84.88,48,0,13.29,-34.0033,24.7314,1647859875
166,la tuque,CA,32.25,74,82,4.61,47.4334,-72.7824,1647859630
167,xai-xai,MZ,79.34,55,83,11.21,-25.0519,33.6442,1647859595
168,grindavik,IS,36.07,75,100,12.66,63.8424,-22.4338,1647859878
169,skjervoy,NO,38.98,71,92,43.15,70.0311,20.9714,1647859878
170,uyemskiy,RU,41.05,56,20,6.71,64.4743,40.8524,1647859879
171,borogontsy,RU,-4.27,97,75,3.0,62.6683,131.1683,1647859880
172,te anau,NZ,52.77,89,81,1.77,-45.4167,167.7167,1647859881
173,esperance,AU,62.44,84,100,18.99,-33.8667,121.9,1647859881
174,murray bridge,AU,63.82,85,74,9.13,-35.1167,139.2667,1647859882
175,acapulco,MX,74.82,59,20,6.26,16.8634,-99.8901,1647859883
176,hamilton,US,48.24,74,0,6.91,39.1834,-84.5333,1647859800
177,ouegoa,NC,77.88,83,71,4.61,-20.35,164.4333,1647859884
178,kutum,SD,87.94,4,0,4.09,14.2,24.6667,1647859885
179,bethel,US,43.11,70,0,4.61,41.3712,-73.414,1647859886
180,gandorhun,SL,90.91,46,82,3.62,7.5,-11.8333,1647859887
181,nikolskoye,RU,48.09,80,12,7.61,59.7035,30.7861,1647859888
182,bathsheba,BB,75.81,73,40,14.97,13.2167,-59.5167,1647859889
183,newala,TZ,76.51,81,84,2.42,-10.9431,39.2787,1647859890
184,karratha,AU,88.77,58,100,15.12,-20.7377,116.8463,1647859891
185,kirakira,SB,80.85,74,42,1.28,-10.4544,161.9205,1647859892
186,beneditinos,BR,78.26,78,3,2.86,-5.45,-42.3667,1647859892
187,ponta do sol,PT,66.0,56,66,7.11,32.6667,-17.1,1647859893
188,vung tau,VN,81.66,79,100,13.09,10.346,107.0843,1647859853
189,muscat,OM,83.3,38,0,7.54,23.6139,58.5922,1647859895
190,lebedinyy,RU,17.73,95,100,15.19,58.5167,125.5167,1647859896
191,luanda,AO,84.2,74,75,4.61,-8.8368,13.2343,1647859831
192,grand forks,US,39.13,65,100,5.75,47.9417,-97.4337,1647859897
193,avera,US,43.38,65,0,7.0,33.194,-82.5271,1647859898
194,ngunguru,NZ,67.82,90,20,10.63,-35.6167,174.5,1647859899
195,kaitangata,NZ,59.22,89,80,13.73,-46.2817,169.8464,1647859900
196,buenos aires,AR,62.94,77,75,13.8,-34.6132,-58.3772,1647859742
197,nyurba,RU,5.18,96,83,2.93,63.2842,118.3319,1647859902
198,isabela,PH,78.85,88,96,5.46,6.7085,121.9711,1647859903
199,gorom-gorom,BF,99.14,9,35,11.05,14.4439,-0.2361,1647859904
200,xining,CN,40.64,55,100,8.08,36.6167,101.7667,1647859905
201,hami,CN,45.95,28,100,11.5,42.8,93.45,1647859906
202,laguna,US,51.64,80,0,3.44,38.421,-121.4238,1647859874
203,ribeira grande,PT,54.0,82,40,20.71,38.5167,-28.7,1647859907
204,fort nelson,CA,15.39,86,75,4.61,58.8053,-122.7002,1647859832
205,sabang,ID,83.82,75,88,20.8,5.8933,95.3214,1647859908
206,thompson,CA,10.56,79,20,6.91,55.7435,-97.8558,1647859909
207,najran,SA,83.05,17,24,22.39,17.4924,44.1277,1647859910
208,uarini,BR,72.1,98,100,1.28,-2.99,-65.1083,1647859911
209,tabuk,PH,76.28,88,45,4.09,17.4189,121.4443,1647859911
210,garmsar,IR,70.63,15,91,4.16,35.2182,52.3409,1647859912
211,puerto escondido,MX,77.54,64,0,5.57,15.85,-97.0667,1647859913
212,brekstad,NO,46.49,53,0,4.61,63.687,9.6654,1647859914
213,saldanha,ZA,87.85,76,22,13.53,-33.0117,17.9442,1647859914
214,maryville,US,45.48,77,20,1.01,35.7565,-83.9705,1647859770
215,leh,IN,34.48,55,7,2.71,34.1667,77.5833,1647859917
216,chara,RU,10.83,81,100,2.91,56.9064,118.2631,1647859918
217,ossora,RU,32.36,96,100,19.69,59.2353,163.0719,1647859919
218,upernavik,GL,-18.99,78,36,4.07,72.7868,-56.1549,1647859920
219,torbay,CA,33.28,96,100,20.71,47.6666,-52.7314,1647859921
220,mbandaka,CD,87.93,52,99,5.61,0.0487,18.2603,1647859922
221,nome,US,-0.33,78,0,0.0,64.5011,-165.4064,1647859887
222,chicama,PE,63.14,82,98,3.53,-7.8447,-79.1469,1647859924
223,arraial do cabo,BR,71.56,94,100,19.57,-22.9661,-42.0278,1647859925
224,fuzhou,CN,57.09,92,96,2.64,26.0614,119.3061,1647859925
225,hay river,CA,22.98,93,100,12.66,60.8156,-115.7999,1647859926
226,mopti,ML,99.27,8,40,13.4,14.6667,-4.0,1647859912
227,rocha,UY,61.34,56,24,7.74,-34.4833,-54.3333,1647859928
228,pipri,IN,97.79,10,15,12.93,19.8,75.5333,1647859928
229,churapcha,RU,-4.81,90,71,1.57,62.0025,132.4325,1647859929
230,chokurdakh,RU,-2.67,85,100,8.75,70.6333,147.9167,1647859930
231,hanko,FI,35.71,88,0,12.17,59.8333,22.95,1647859931
232,san jose,US,48.81,81,0,1.99,37.3394,-121.895,1647859666
233,berlevag,NO,39.2,81,100,36.22,70.8578,29.0864,1647859932
234,nishihara,JP,72.68,81,40,14.97,26.1842,127.7558,1647859933
235,benjamin aceval,PY,71.74,66,0,6.2,-24.9667,-57.5667,1647859934
236,victor harbor,AU,63.0,85,57,6.62,-35.5667,138.6167,1647859935
237,iqaluit,CA,-6.07,77,100,0.0,63.7506,-68.5145,1647859935
238,plainview,US,44.74,66,0,8.05,40.7765,-73.4673,1647859936
239,dilla,ET,72.91,66,67,4.07,6.41,38.31,1647859937
240,pisco,PE,66.25,88,100,8.05,-13.7,-76.2167,1647859938
241,nanortalik,GL,15.62,64,0,2.75,60.1432,-45.2371,1647859938
242,coihaique,CL,49.95,87,40,4.61,-45.5752,-72.0662,1647859690
243,kupang,ID,79.21,84,99,2.86,-10.1667,123.5833,1647859940
244,mabopane,ZA,70.18,33,79,3.94,-25.4977,28.1007,1647859941
245,belmonte,BR,78.06,82,31,4.72,-15.8631,-38.8828,1647859941
246,gayny,RU,30.61,80,100,13.22,60.3071,54.3241,1647859942
247,dikson,RU,-7.35,100,45,5.08,73.5069,80.5464,1647859943
248,saint-philippe,RE,80.19,88,98,12.41,-21.3585,55.7679,1647859944
249,tateyama,JP,51.1,77,100,11.05,34.9833,139.8667,1647859945
250,japura,ID,84.69,65,88,1.48,-0.3167,102.35,1647859945
251,mizdah,LY,55.53,45,72,14.9,31.4451,12.9801,1647859946
252,yulin,CN,83.05,68,54,12.28,22.6333,110.15,1647859947
253,teya,RU,21.94,86,100,11.7,60.3778,92.6267,1647859948
254,andra,RU,27.68,85,99,15.55,62.5147,65.8878,1647859948
255,carnarvon,AU,80.67,74,44,19.57,-24.8667,113.6333,1647859949
256,faridpur,BD,95.38,24,4,1.25,23.6,89.8333,1647859950
257,maniitsoq,GL,-9.92,72,1,4.94,65.4167,-52.9,1647859952
258,tuatapere,NZ,53.67,94,74,3.04,-46.1333,167.6833,1647859953
259,pasinler,TR,20.39,85,92,3.27,39.9803,41.6764,1647859953
260,salinopolis,BR,77.14,90,100,3.02,-0.6136,-47.3561,1647859954
261,oranjestad,AW,78.75,73,20,17.27,12.524,-70.027,1647859955
262,sistranda,NO,46.36,66,0,5.03,63.7256,8.834,1647859956
263,touros,BR,83.03,72,58,8.37,-5.1989,-35.4608,1647859957
264,dicabisagan,PH,79.07,87,23,4.03,17.0818,122.4157,1647859957
265,hambantota,LK,93.54,62,40,10.36,6.1241,81.1185,1647859958
266,paamiut,GL,-2.16,89,22,8.66,61.994,-49.6678,1647859960
267,jasper,US,56.68,48,0,8.05,37.2001,-94.3502,1647859831
268,necochea,AR,54.95,72,100,12.55,-38.5473,-58.7368,1647859765
269,guna,IN,96.39,8,1,12.21,24.65,77.3167,1647859963
270,takoradi,GH,85.21,69,84,6.87,4.8845,-1.7554,1647859963
271,san joaquin,US,51.93,69,0,6.91,37.9333,-121.3011,1647859964
272,poum,NC,80.28,75,59,17.29,-20.2333,164.0167,1647859965
273,kavaratti,IN,82.15,66,10,9.08,10.5669,72.642,1647859966
274,sumbe,AO,83.88,74,95,8.86,-11.2061,13.8437,1647859966
275,ostersund,SE,43.25,36,1,2.3,63.1792,14.6357,1647859948
276,kodiak,US,35.11,75,0,14.97,57.79,-152.4072,1647859899
277,chihuahua,MX,48.7,40,6,27.74,28.5,-106.0,1647859698
278,general roca,AR,56.62,53,1,5.75,-39.0333,-67.5833,1647859970
279,nazare,BR,80.83,70,8,3.53,-13.035,-39.0144,1647859782
280,imeni poliny osipenko,RU,12.94,73,78,9.17,52.4201,136.4853,1647859974
281,scottsbluff,US,37.63,70,100,23.02,41.8666,-103.6672,1647859877
282,lavrentiya,RU,-8.25,88,34,4.34,65.5833,-171.0,1647859975
283,salalah,OM,83.26,20,2,7.29,17.0151,54.0924,1647859976
284,guanay,BO,68.23,100,91,1.25,-15.4975,-67.8797,1647859976
285,tselinnoye,RU,24.66,88,57,8.05,53.0833,85.6667,1647859977
286,margate,GB,54.1,71,15,1.01,51.3813,1.3862,1647859978
287,bismarck,US,39.87,83,99,15.01,46.8083,-100.7837,1647859979
288,sjovegan,NO,43.21,90,100,19.66,68.8726,17.8474,1647859980
289,bada,RU,16.92,91,36,3.29,51.392,109.8717,1647859981
290,codrington,AU,60.62,83,100,5.95,-38.2667,141.9667,1647859982
291,mayumba,GA,81.52,73,100,4.68,-3.432,10.6554,1647859983
292,mizoch,UA,48.58,47,0,8.66,50.4,26.15,1647859983
293,correntina,BR,74.46,66,89,3.13,-13.3433,-44.6367,1647859984
294,katangli,RU,13.71,81,66,9.44,51.7102,143.2326,1647859985
295,musoma,TZ,81.54,57,3,17.94,-1.5,33.8,1647859986
296,rawson,AR,63.01,50,90,28.57,-43.3002,-65.1023,1647859743
297,constitucion,CL,59.2,83,78,6.58,-35.3333,-72.4167,1647859987
298,bereda,ES,59.14,61,49,6.33,43.2686,-7.5406,1647859988
299,christchurch,NZ,61.0,90,75,16.11,-43.5333,172.6333,1647859800
300,bongaree,AU,73.42,74,0,13.04,-27.0797,153.1586,1647859989
301,porto torres,IT,57.38,54,6,20.65,40.835,8.3972,1647859990
302,dalmatovo,RU,31.48,83,100,11.14,56.26,62.9362,1647859991
303,kuito,AO,68.59,78,100,6.31,-12.3833,16.9333,1647859992
304,arkhipo-osipovka,RU,45.43,41,32,11.61,44.37,38.52,1647859993
305,tasiilaq,GL,-1.66,61,2,5.95,65.6145,-37.6368,1647859993
306,khorixas,NA,88.02,38,12,17.02,-20.3667,14.9667,1647859994
307,korhogo,CI,93.27,39,64,5.7,9.45,-5.6333,1647859995
308,rio gallegos,AR,42.85,87,0,8.05,-51.6226,-69.2181,1647859758
309,coffeyville,US,54.91,53,75,4.61,37.0373,-95.6164,1647859804
310,pacific grove,US,47.66,85,77,1.99,36.6177,-121.9166,1647859997
311,mount gambier,AU,58.91,88,97,6.91,-37.8333,140.7667,1647859998
312,de aar,ZA,77.34,33,1,2.86,-30.6497,24.0123,1647859999
313,piacabucu,BR,82.96,69,78,6.96,-10.4056,-36.4344,1647859999
314,sambava,MG,81.45,85,81,13.2,-14.2667,50.1667,1647860000
315,diamantino,BR,72.27,95,77,1.92,-14.4086,-56.4461,1647860001
316,chaman,PK,74.8,11,0,5.06,30.9236,66.4512,1647860002
317,morvi,IN,99.03,9,2,10.92,22.8167,70.8333,1647860003
318,sitka,US,44.49,65,100,11.5,57.0531,-135.33,1647859839
319,tukrah,LY,53.37,58,84,25.3,32.5341,20.5791,1647860006
320,shingu,JP,50.27,70,95,2.26,33.7333,135.9833,1647860006
321,yumen,CN,38.89,40,100,12.84,40.2833,97.2,1647860008
322,cap malheureux,MU,87.48,74,46,4.0,-19.9842,57.6142,1647860008
323,likasi,CD,72.72,75,93,6.2,-10.9814,26.7333,1647860009
324,rypefjord,NO,39.67,70,75,36.82,70.6333,23.6667,1647860011
325,keflavik,IS,36.03,75,100,12.66,64.0049,-22.5624,1647860011
326,mount isa,AU,87.57,30,43,6.91,-20.7333,139.5,1647860012
327,cravo norte,CO,80.98,58,96,5.64,6.3017,-70.2041,1647860013
328,ostrovnoy,RU,36.57,81,87,22.24,68.0531,39.5131,1647860014
329,graaff-reinet,ZA,82.45,34,3,6.87,-32.2522,24.5308,1647860015
330,fortuna,US,39.65,95,75,6.91,40.5982,-124.1573,1647860015
331,anori,BR,72.88,99,100,2.15,-3.7728,-61.6442,1647860016
332,tiruchchendur,IN,93.49,63,15,19.35,8.4833,78.1167,1647860017
333,biak,ID,75.38,83,100,2.21,-0.9131,122.8766,1647860018
334,padang,ID,87.85,76,52,2.55,-0.9492,100.3543,1647860018
335,lukovetskiy,RU,35.47,82,58,6.2,64.2956,41.9211,1647860020
336,narsaq,GL,5.83,61,0,5.95,60.9167,-46.05,1647860021
337,coquimbo,CL,56.93,88,100,3.44,-29.9533,-71.3436,1647860021
338,barbacena,BR,60.31,94,100,6.91,-21.2258,-43.7736,1647860023
339,surt,LY,57.34,51,76,17.07,31.2089,16.5887,1647860024
340,itarema,BR,79.39,83,87,9.17,-2.9248,-39.9167,1647860024
341,bonavista,CA,29.75,95,100,29.64,48.6499,-53.1147,1647860025
342,ayan,RU,11.12,71,0,12.44,56.45,138.1667,1647860026
343,makat,KZ,39.96,65,94,20.45,47.6469,53.3463,1647860027
344,timbiqui,CO,74.08,96,95,5.12,2.7717,-77.6654,1647860027
345,jacksonville,US,53.6,80,0,0.0,30.3322,-81.6556,1647859884
346,ambilobe,MG,86.7,72,97,0.51,-13.2,49.05,1647860029
347,colac,AU,60.84,94,76,4.99,-38.3333,143.5833,1647860030
348,concordia,AR,57.27,80,75,9.22,-31.393,-58.0209,1647860031
349,dingle,PH,79.45,81,92,7.07,10.9995,122.6711,1647860032
350,waingapu,ID,80.94,81,93,4.52,-9.6567,120.2641,1647860033
351,andapa,MG,78.42,85,98,3.49,-14.65,49.65,1647860034
352,magnolia,US,42.49,78,70,6.13,33.2671,-93.2393,1647859939
353,shaunavon,CA,24.58,52,20,11.65,49.6501,-108.4181,1647860035
354,samarai,PG,84.61,73,76,7.09,-10.6167,150.6667,1647860036
355,bengkulu,ID,81.36,74,82,4.29,-3.8004,102.2655,1647860037
356,alekseyevsk,RU,26.2,84,100,10.71,57.8406,108.3492,1647860038
357,staroaleyskoye,RU,27.27,80,45,16.69,51.0061,82.0,1647860039
358,kanganpur,PK,102.63,6,0,4.85,30.7663,74.1231,1647860039
359,seabra,BR,71.4,73,6,3.87,-12.4186,-41.7703,1647860040
360,abu dhabi,AE,84.31,51,0,6.91,24.4667,54.3667,1647860041
361,lata,PT,66.07,74,96,8.77,40.1629,-8.3327,1647860042
362,paracuru,BR,81.1,82,93,7.63,-3.41,-39.0306,1647860042
363,hurricane,US,45.07,34,46,14.27,37.1753,-113.2899,1647860043
364,abrego,CO,61.23,91,52,4.7,8.0807,-73.2205,1647860045
365,husavik,IS,29.55,74,100,6.8,66.0449,-17.3389,1647860046
366,santiago del estero,AR,64.17,52,100,4.45,-27.7951,-64.2615,1647860047
367,muli,MV,83.82,67,7,15.99,2.9167,73.5667,1647860047
368,boshnyakovo,RU,17.06,77,95,6.08,49.6333,142.1667,1647860048
369,istok,XK,43.36,45,0,8.57,42.7808,20.4875,1647860049
370,veraval,IN,84.78,54,25,14.5,20.9,70.3667,1647860050
371,pervomayskoye,RU,44.51,26,0,4.41,43.919,46.7102,1647860052
372,mae sai,TH,80.46,64,60,1.43,20.4335,99.8762,1647860052
373,emirdag,TR,34.16,39,42,9.4,39.0197,31.15,1647860053
374,sulangan,PH,82.72,77,99,9.33,11.1373,123.7228,1647860054
375,menzelinsk,RU,31.75,78,55,15.03,55.7271,53.1026,1647860055
376,san cristobal,VE,66.38,77,88,1.16,7.7669,-72.225,1647860056
377,leningradskiy,RU,-8.68,89,19,4.72,69.3833,178.4167,1647860056
378,teguise,ES,64.62,49,40,10.36,29.0605,-13.564,1647859768
379,oyama,JP,55.58,46,76,6.98,36.3,139.8,1647860058
380,manakara,MG,78.44,58,40,6.71,-22.1333,48.0167,1647860059
381,matagami,CA,17.71,86,100,9.22,49.7502,-77.6328,1647860059
382,desbiens,CA,30.85,86,95,11.48,48.4178,-71.9495,1647860060
383,gladstone,AU,76.93,69,1,4.61,-23.85,151.25,1647860061
384,beaverlodge,CA,24.15,74,96,5.88,55.2166,-119.4361,1647859836
385,navashino,RU,40.1,82,69,12.95,55.5292,42.2003,1647860062
386,olinda,BR,78.53,94,75,5.75,-8.0089,-34.8553,1647860064
387,banamba,ML,98.1,10,53,11.65,13.55,-7.45,1647860065
388,camana,PE,69.22,86,98,6.38,-16.6228,-72.7111,1647860066
389,high level,CA,23.11,93,0,10.36,58.5169,-117.136,1647860067
390,korbach,DE,59.59,45,0,7.07,51.2756,8.873,1647860068
391,meulaboh,ID,82.26,74,73,6.08,4.1363,96.1285,1647860069
392,manono,CD,83.21,63,100,3.76,-7.3,27.4167,1647860069
393,beyneu,KZ,39.61,45,3,18.75,45.3167,55.2,1647860070
394,walvis bay,NA,70.09,63,48,8.72,-22.9575,14.5053,1647860071
395,fioletovo,AM,23.99,88,99,6.82,40.7224,44.7177,1647860072
396,arman,RU,28.02,88,100,9.82,59.7,150.1667,1647860073
397,guarapari,BR,78.89,77,39,11.9,-20.6667,-40.4975,1647859876
398,muisne,EC,75.9,90,99,5.75,0.6,-80.0333,1647860075
399,zamora,EC,67.62,99,100,0.63,-4.0692,-78.9567,1647860075
400,tarko-sale,RU,27.95,83,92,9.15,64.9225,77.785,1647860076
401,severo-kurilsk,RU,28.36,88,97,36.24,50.6789,156.125,1647860077
402,biaora,IN,98.37,8,0,14.12,23.8667,76.9167,1647860078
403,nantucket,US,44.71,72,100,14.97,41.2835,-70.0995,1647859878
404,saint-joseph,RE,79.18,86,93,13.6,-21.3667,55.6167,1647860079
405,zhigansk,RU,8.6,91,99,7.52,66.7697,123.3711,1647860080
406,kiama,AU,70.0,86,0,1.77,-34.6833,150.8667,1647860081
407,zhireken,RU,10.69,92,68,4.14,52.8249,117.3076,1647860082
408,otane,NZ,65.01,98,100,9.33,-39.8833,176.6333,1647860082
409,arlit,NE,97.25,7,36,5.88,18.7369,7.3853,1647860083
410,khani,GE,42.37,94,94,1.66,41.9563,42.9566,1647860084
411,maldonado,UY,54.79,63,0,8.9,-34.6667,-54.9167,1647860085
412,tagusao,PH,77.16,87,100,2.06,9.1924,117.8141,1647860086
413,asau,RO,50.95,26,17,11.34,46.4333,26.4,1647860086
414,chincha alta,PE,64.99,82,99,1.77,-13.4099,-76.1323,1647860087
415,cabra,ES,60.19,61,65,11.12,37.4725,-4.4421,1647860088
416,tagbac,PH,72.79,94,100,3.18,7.089,125.1567,1647860089
417,santa fe,AR,62.02,67,82,8.01,-31.6333,-60.7,1647860090
418,akdepe,TM,46.49,26,11,9.24,42.0551,59.3788,1647860090
419,banepa,NP,75.52,47,40,13.8,27.6298,85.5214,1647860091
420,port macquarie,AU,65.89,88,1,3.44,-31.4333,152.9167,1647860092
421,miranda,CO,66.33,93,99,2.82,3.2499,-76.2281,1647860093
422,sao joao da barra,BR,77.09,84,100,10.16,-21.6403,-41.0511,1647859873
423,port hardy,CA,44.6,87,100,18.41,50.6996,-127.4199,1647860095
424,perth,AU,78.1,49,0,12.66,-31.9333,115.8333,1647860071
425,lompoc,US,51.93,84,0,21.99,34.6391,-120.4579,1647860010
426,kaolack,SN,78.85,23,35,11.14,14.1825,-16.2533,1647860097
427,neuquen,AR,53.49,76,0,3.44,-38.9516,-68.0591,1647859820
428,labytnangi,RU,17.28,88,10,3.2,66.6572,66.4183,1647860098
429,pozo colorado,PY,73.67,74,15,5.82,-23.4923,-58.7972,1647860099
430,sungairaya,ID,81.19,81,97,2.3,0.7,108.9,1647860100
431,mafinga,TZ,82.11,53,100,5.3,-7.25,35.0667,1647860101
432,marfino,RU,50.14,40,0,13.42,55.7028,37.3822,1647860102
433,maloy,NO,47.93,58,0,0.65,61.9353,5.1136,1647860104
434,malartic,CA,25.02,80,96,8.75,48.1335,-78.1328,1647860104
435,tomatlan,MX,61.63,34,24,2.64,19.9333,-105.25,1647860105
436,seydi,TM,53.28,30,99,11.61,39.4816,62.9137,1647860106
437,salta,AR,58.57,92,100,2.3,-24.7859,-65.4117,1647860107
438,byron bay,AU,73.29,75,16,10.0,-28.65,153.6167,1647860103
439,comapa,GT,58.5,79,2,6.44,14.1167,-89.9167,1647860108
440,batagay-alyta,RU,-21.62,95,6,5.77,67.8006,130.4114,1647860109
441,blagoyevo,RU,31.08,79,100,8.61,63.3667,47.9167,1647860110
442,benavente,ES,52.77,64,100,8.46,42.0025,-5.6783,1647860111
443,dori,BF,100.26,10,17,11.59,14.0354,-0.0345,1647860111
444,bella union,UY,57.87,63,32,13.29,-30.2752,-57.6007,1647860112
445,shimoda,JP,51.26,77,87,4.68,34.6667,138.95,1647860113
446,kaniv,UA,47.82,59,3,11.92,49.7518,31.46,1647860114
447,virginia beach,US,51.85,58,0,9.22,36.8529,-75.978,1647860114
448,mwingi,KE,90.32,30,0,10.11,-0.9344,38.0601,1647860115
449,palembang,ID,86.09,70,20,3.44,-2.9167,104.7458,1647860116
450,nuuk,GL,-11.06,86,8,7.52,64.1835,-51.7216,1647859818
451,isangel,VU,80.64,87,100,15.68,-19.55,169.2667,1647860117
452,obeliai,LT,50.65,47,0,4.65,55.9667,25.15,1647860118
453,valley city,US,36.7,90,100,9.19,46.9233,-98.0032,1647860119
454,lahat,ID,80.89,78,74,2.37,-3.8,103.5333,1647860120
455,hobyo,SO,83.77,58,2,13.4,5.3505,48.5268,1647860120
456,challans,FR,59.92,79,69,16.2,46.8436,-1.8749,1647860121
457,grand gaube,MU,88.38,73,52,5.01,-20.0064,57.6608,1647860122
458,ambulu,ID,78.78,86,95,2.15,-8.345,113.6058,1647860123
459,veracruz,MX,66.45,71,1,2.71,19.3333,-96.6667,1647860124
460,union,US,45.9,57,0,11.5,40.6334,-74.2663,1647859922
461,saint george,US,46.99,23,0,27.63,37.1041,-113.5841,1647860126
462,kabala,SL,88.2,42,82,3.89,9.5833,-11.55,1647860127
463,tawang,IN,54.37,62,48,6.67,27.5833,91.8667,1647860128
464,lyuban,BY,50.94,50,2,6.08,52.7985,28.0048,1647860129
465,bud,US,45.82,85,47,6.24,39.447,-86.1758,1647860130
466,saint-francois,FR,56.68,47,0,12.66,46.4154,3.9054,1647860130
467,elizabeth city,US,46.42,73,0,6.96,36.2946,-76.2511,1647860131
468,vylkove,UA,46.8,44,44,11.1,45.4021,29.586,1647860132
469,dickinson,US,68.16,89,100,7.0,29.4608,-95.0513,1647860133
470,holetown,BB,75.76,73,80,14.81,13.1867,-59.6381,1647860134
471,sayyan,YE,72.7,25,24,15.93,15.1718,44.3244,1647860134
472,teahupoo,PF,73.36,77,23,19.01,-17.8333,-149.2667,1647860135
473,adrar,MR,83.68,11,2,14.29,20.5022,-10.0711,1647860136
474,birjand,IR,79.27,6,0,13.8,32.8663,59.2211,1647860137
475,panzhihua,CN,86.92,16,20,13.27,26.5851,101.7128,1647860137
476,mackenzie,CA,32.22,100,100,8.05,55.2999,-123.1698,1647860138
477,wajir,KE,93.16,36,20,8.05,1.7471,40.0573,1647860139
478,kaa-khem,RU,13.91,94,45,2.1,51.6833,94.7333,1647860140
479,chapais,CA,20.98,92,100,9.17,49.7834,-74.8492,1647860141
480,tres arroyos,AR,54.81,63,100,13.47,-38.3739,-60.2798,1647860141
481,nizhniy ufaley,RU,28.22,81,100,9.35,55.9153,59.9842,1647860142
482,pundaguitan,PH,81.95,76,100,9.69,6.3711,126.1689,1647860143
483,namtsy,RU,-0.92,96,94,2.57,62.7161,129.6658,1647860144
484,taoudenni,ML,85.08,11,0,15.59,22.6783,-3.9836,1647860145
485,kholm,RU,47.43,68,21,6.8,59.2667,32.85,1647860145
486,port washington,US,44.85,61,29,1.99,40.8257,-73.6982,1647860146
487,talcahuano,CL,56.88,100,100,4.61,-36.7167,-73.1167,1647860147
488,eureka,US,41.58,81,83,3.22,40.8021,-124.1637,1647860148
489,tezu,IN,91.85,23,7,4.32,27.9167,96.1667,1647860149
490,cobadin,RO,50.31,31,5,13.94,44.0833,28.2167,1647860150
491,olafsvik,IS,34.92,70,100,11.65,64.8945,-23.7142,1647860151
492,erdaojiang,CN,31.03,98,99,3.65,41.7764,126.0319,1647860152
493,lida,BY,50.72,47,0,5.64,53.8833,25.2997,1647860152
494,honiara,SB,78.94,79,86,2.06,-9.4333,159.95,1647860153
495,ahipara,NZ,65.37,92,9,8.75,-35.1667,173.1667,1647860154
496,hajipur,IN,96.78,38,8,3.44,25.6833,85.2167,1647860155
497,ust-maya,RU,-3.66,96,83,3.04,60.4167,134.5333,1647860156
498,talnakh,RU,2.21,95,40,5.61,69.4865,88.3972,1647860158
499,san quintin,MX,55.38,91,35,8.57,30.4833,-115.95,1647860158
500,dire,ML,96.53,13,74,5.79,12.2833,-10.9667,1647860159
501,escanaba,US,28.36,86,0,5.75,45.7453,-87.0646,1647860160
502,puerto carreno,CO,77.25,67,76,5.46,6.189,-67.4859,1647860161
503,broome,US,35.37,72,89,4.0,42.2506,-75.833,1647860162
504,jacareacanga,BR,72.41,100,100,0.58,-6.2222,-57.7528,1647860162
505,amberley,US,47.08,75,0,0.0,39.2048,-84.428,1647859880
506,shenzhen,CN,79.99,93,23,8.3,22.5455,114.0683,1647859987
507,alexandria,EG,59.54,51,0,11.5,31.2156,29.9553,1647860024
508,tambovka,RU,16.09,87,98,6.02,50.0969,128.0489,1647860166
509,hearst,CA,16.05,96,61,5.77,49.6835,-83.6665,1647860166
510,sao geraldo do araguaia,BR,75.34,93,98,0.83,-6.4006,-48.555,1647859995
511,inhambane,MZ,85.98,48,40,13.8,-23.865,35.3833,1647860168
512,ambon,ID,82.54,78,40,2.3,-3.6954,128.1814,1647860168
513,fallon,US,42.42,32,77,5.03,39.4735,-118.7774,1647860169
514,la ronge,CA,32.25,93,100,13.8,55.1001,-105.2842,1647860170
515,aras,ES,49.73,87,100,19.57,42.5617,-2.356,1647860172
516,acari,PE,70.99,79,99,2.66,-15.4311,-74.6158,1647860173
517,saraza,PH,76.57,88,100,4.14,8.7356,117.78,1647860174
518,wakkanai,JP,33.53,53,92,23.71,45.4094,141.6739,1647860175
519,pimentel,PE,70.0,84,100,10.16,-6.8367,-79.9342,1647860176
520,flinders,AU,66.18,83,1,4.0,-34.5833,150.8552,1647860177
521,zyryanka,RU,13.12,95,100,22.93,65.75,150.85,1647860178
522,tazovskiy,RU,7.92,94,56,9.82,67.4667,78.7,1647860179
523,ponta delgada,PT,59.72,58,75,24.16,37.7333,-25.6667,1647860180
524,sorland,NO,40.55,73,98,13.82,67.667,12.6934,1647860181
525,shubarshi,KZ,30.38,96,100,21.63,48.5872,57.1869,1647860182
526,cockburn town,TC,77.58,70,72,12.03,21.4612,-71.1419,1647860067
527,kirillov,RU,41.0,80,10,5.06,59.863,38.3813,1647860183
528,souillac,MU,80.98,83,40,6.91,-20.5167,57.5167,1647860184
529,viedma,AR,61.92,53,100,22.77,-40.8135,-62.9967,1647860184
530,orasac,BA,47.77,29,0,9.31,44.6289,16.0711,1647860185
531,finschhafen,PG,82.24,81,100,10.6,-6.6024,147.8681,1647860186
532,yar-sale,RU,9.81,92,57,15.48,66.8333,70.8333,1647860187
533,huixtla,MX,75.22,59,0,4.21,15.15,-92.4667,1647860188
534,san pedro del parana,PY,62.76,75,0,5.19,-26.8333,-56.2,1647860188
535,ciudad bolivar,VE,73.06,85,71,7.58,8.1222,-63.5497,1647860024
536,svetlogorsk,BY,50.58,53,4,7.49,52.6333,29.7333,1647860190
537,tecoanapa,MX,76.15,60,32,4.54,16.5167,-98.75,1647860191
538,gaoual,GN,96.62,20,81,2.75,11.75,-13.2,1647860192
539,fairbanks,US,-9.4,77,0,0.0,64.8378,-147.7164,1647860193
540,nenita,PH,77.94,92,94,5.41,12.4917,124.8044,1647860193
541,lieksa,FI,39.4,87,82,7.94,63.3167,30.0167,1647860194
542,kondopoga,RU,49.68,99,52,4.79,62.2057,34.2614,1647860195
543,ankazoabo,MG,91.11,28,1,3.67,-22.2833,44.5167,1647860196
544,makakilo city,US,71.56,86,0,3.44,21.3469,-158.0858,1647860090
545,auki,SB,78.48,82,91,2.89,-8.7676,160.7034,1647860197
546,beloha,MG,84.24,40,2,14.97,-25.1667,45.05,1647860198
547,hirara,JP,73.67,88,75,14.97,24.8,125.2833,1647860199
548,nisia floresta,BR,79.18,79,90,7.81,-6.0911,-35.2086,1647859988
549,ketchikan,US,44.58,98,100,6.64,55.3422,-131.6461,1647860200
550,zhuhai,CN,82.85,94,40,9.22,22.2769,113.5678,1647860201
551,tupik,RU,13.3,89,100,3.89,54.4253,119.9327,1647860202
552,guisguis,PH,84.06,84,72,11.88,13.8714,121.5192,1647860202
553,granadilla de abona,ES,61.2,50,20,4.61,28.1188,-16.576,1647860203
554,namatanai,PG,80.62,80,76,6.04,-3.6667,152.4333,1647860205
555,bubaque,GW,75.4,61,52,7.58,11.2833,-15.8333,1647860206
556,sabzevar,IR,67.28,21,0,0.0,36.2126,57.6819,1647860207
557,richards bay,ZA,80.38,51,45,11.14,-28.783,32.0377,1647860207
558,les escoumins,CA,29.55,91,99,7.14,48.1111,-69.0236,1647860208
559,burgeo,CA,34.9,98,100,10.54,47.6167,-57.6152,1647860209
560,broken hill,AU,85.71,26,40,8.05,-31.95,141.4333,1647860210
561,riyadh,SA,84.34,10,49,11.88,24.6877,46.7219,1647859941
562,ascension,US,57.99,91,0,0.0,30.2169,-90.9001,1647860211
563,bowen,AU,78.42,67,30,14.0,-20.0167,148.2333,1647860212
564,yarkovo,RU,30.78,89,95,5.73,57.4028,67.0786,1647860213
565,snyder,US,59.34,72,100,17.27,32.7179,-100.9176,1647860213
